model,mae,avg_journey_time,error_rate,scores
route_1__.pkl,-167.2224426510375,1396.2857977602607,11.976233155079994,[-205.92119358 -149.74084332 -149.14257927 -150.45896355 -180.84863353]
route_4__.pkl,-237.5198789764253,2173.1708257433716,10.929646034392047,[-251.33698404 -222.8673649  -223.33890141 -213.7570232  -276.29912133]
route_7__.pkl,-220.31400019670346,1892.4500783056221,11.64173378850545,[-233.29317968 -209.16424391 -208.33070398 -207.32012704 -243.46174638]
